raw_value,standard_mode
Cxedit Card,CREDIT_CARD
Crediz Card,CREDIT_CARD
Crxdit Card,CREDIT_CARD
Credix Card,CREDIT_CARD
Credit Card,CREDIT_CARD
Credit Cazd,CREDIT_CARD
Credit Czrd,CREDIT_CARD
Credit Cayd,CREDIT_CARD
Credit Cxrd,CREDIT_CARD
Credit Cary,CREDIT_CARD
Credit zard,CREDIT_CARD
Credit yard,CREDIT_CARD
Credit xard,CREDIT_CARD
Credit Carx,CREDIT_CARD
Credit Carz,CREDIT_CARD
Credyt Card,CREDIT_CARD
Crexit Card,CREDIT_CARD
Crezit Card,CREDIT_CARD
Creyit Card,CREDIT_CARD
Creayit Crad,CREDIT_CARD
Creadit Crad,CREDIT_CARD
Creadit Crzd,CREDIT_CARD
Creadit Crxd,CREDIT_CARD
Creadit Cryd,CREDIT_CARD
Creadit Cray,CREDIT_CARD
Creadit Crax,CREDIT_CARD
Creadit Cxad,CREDIT_CARD
Creadit Craz,CREDIT_CARD
Creadit xrad,CREDIT_CARD
Creadit zrad,CREDIT_CARD
CreaditxCrad,CREDIT_CARD
CreaditzCrad,CREDIT_CARD
CreadityCrad,CREDIT_CARD
Creadiy Crad,CREDIT_CARD
Cxeadit Crad,CREDIT_CARD
Czeadit Crad,CREDIT_CARD
Cyeadit Crad,CREDIT_CARD
Crxadit Crad,CREDIT_CARD
Crzadit Crad,CREDIT_CARD
Cryadit Crad,CREDIT_CARD
Crydit Card,CREDIT_CARD
Cyedit Card,CREDIT_CARD
Cyedit Card,CREDIT_CARD
yredit Card,CREDIT_CARD
Debit Card,DEBIT_CARD
Debit Cazd,DEBIT_CARD
Debit Carz,DEBIT_CARD
Debit Carx,DEBIT_CARD
Debit Cxrd,DEBIT_CARD
Debit Caxd,DEBIT_CARD
Debit Cayd,DEBIT_CARD
Debit Cary,DEBIT_CARD
Debit Cyrd,DEBIT_CARD
Debit yard,DEBIT_CARD
Debit zard,DEBIT_CARD
Debet Card,DEBIT_CARD
Debet Carz,DEBIT_CARD
Debet Cary,DEBIT_CARD
Debet Cazd,DEBIT_CARD
Debet Cxrd,DEBIT_CARD
Debet Cayd,DEBIT_CARD
Debet Card,DEBIT_CARD
DebetzCard,DEBIT_CARD
DebetyCard,DEBIT_CARD
DebityCard,DEBIT_CARD
DebetxCard,DEBIT_CARD
Debiz Card,DEBIT_CARD
Debiy Card,DEBIT_CARD
Debyt Card,DEBIT_CARD
Deyit Card,DEBIT_CARD
Dexet Card,DEBIT_CARD
Dxbit Card,DEBIT_CARD
Dxbet Card,DEBIT_CARD
xebet Card,DEBIT_CARD
xebit Card,DEBIT_CARD
zebet Card,DEBIT_CARD
zebit Card,DEBIT_CARD
yebet Card,DEBIT_CARD
yebit Card,DEBIT_CARD
NetBanking,NETBANKING
NetBankixg,NETBANKING
NetBankiny,NETBANKING
NetBankinz,NETBANKING
NetBankiyg,NETBANKING
NetBankxng,NETBANKING
NetBanxing,NETBANKING
NetBaxking,NETBANKING
NetBayking,NETBANKING
NetBaynking,NETBANKING
NetBanyking,NETBANKING
NetBanying,NETBANKING
NetBynking,NETBANKING
NetBznking,NETBANKING
NetBznnking,NETBANKING
NetBannking,NETBANKING
NetBannkizg,NETBANKING
NetBannkinx,NETBANKING
NetBannkiny,NETBANKING
NetBannkinz,NETBANKING
NetBannkiyg,NETBANKING
NetBannkzng,NETBANKING
NetBannkxng,NETBANKING
NetBannzing,NETBANKING
NetBannxing,NETBANKING
NetBxnnking,NETBANKING
NetBxnking,NETBANKING
Netxannking,NETBANKING
Netxanking,NETBANKING
NxtBanking,NETBANKING
NxtBannking,NETBANKING
NeyBanking,NETBANKING
NeyBannking,NETBANKING
NezBanking,NETBANKING
NezBannking,NETBANKING
NytBanking,NETBANKING
NytBannking,NETBANKING
Netyannking,NETBANKING
Netyanking,NETBANKING
yetBanking,NETBANKING
UPI,UPI
UPx,UPI
UPz,UPI
UP1,UPI
UPy,UPI
UxI,UPI
UyI,UPI
Uy1,UPI
UxI,UPI
xPI,UPI
yPI,UPI
zPI,UPI
xP1,UPI
zP1,UPI
Wallet,WALLET
Walzet,WALLET
Wallex,WALLET
Walxet,WALLET
Wallzt,WALLET
Wallxt,WALLET
Walyet,WALLET
Walley,WALLET
Waylet,WALLET
Waxlet,WALLET
Wzllet,WALLET
Wazlet,WALLET
zallet,WALLET
yallet,WALLET
Auto-Debit,AUTO_DEBIT
Auto-Debix,AUTO_DEBIT
Auto-Debiy,AUTO_DEBIT
Auto-Debiz,AUTO_DEBIT
Auto-Debzt,AUTO_DEBIT
Auto-Dexit,AUTO_DEBIT
Auto-Dxbit,AUTO_DEBIT
Auto-Dybit,AUTO_DEBIT
Auto-zebit,AUTO_DEBIT
Auto-yebit,AUTO_DEBIT
Auto-Dezit,AUTO_DEBIT
Autx-Debit,AUTO_DEBIT
Auty-Debit,AUTO_DEBIT
Autz-Debit,AUTO_DEBIT
Auxo-Debit,AUTO_DEBIT
Auzo-Debit,AUTO_DEBIT
Ayto-Debit,AUTO_DEBIT
Auyo-Debit,AUTO_DEBIT
yuto-Debit,AUTO_DEBIT
xuto-Debit,AUTO_DEBIT
Cash,CASH
Caxh,CASH
Cazh,CASH
Casx,CASH
Casz,CASH
Cxsh,CASH
zash,CASH
xash,CASH
Cheque,CHEQUE
Chequy,CHEQUE
Cheqye,CHEQUE
Cheqxe,CHEQUE
Chequx,CHEQUE
Chequz,CHEQUE
Cheyue,CHEQUE
Chezue,CHEQUE
Chyque,CHEQUE
Chxque,CHEQUE
Chzque,CHEQUE
zheque,CHEQUE
yheque,CHEQUE
Cxeque,CHEQUE
Cyeque,CHEQUE
Chexue,CHEQUE
UNKNOWN,UNKNOWN
NULL,UNKNOWN